sample_id,step,x,y
0,0,-2.0611648559570312,-2.984005928039551
0,1,-2.1127331256866455,-3.0155999660491943
0,2,-2.1538195610046387,-3.0358073711395264
0,3,-2.2017674446105957,-3.0504672527313232
0,4,-2.257847309112549,-3.0898241996765137
0,5,-2.3032827377319336,-3.10476016998291
0,6,-2.3319356441497803,-3.1284265518188477
0,7,-2.374565362930298,-3.14900279045105
0,8,-2.4302918910980225,-3.1789543628692627
0,9,-2.4856879711151123,-3.184626817703247
0,10,-2.539842128753662,-3.2004621028900146
0,11,-2.5826361179351807,-3.244189977645874
0,12,-2.637399196624756,-3.2582950592041016
0,13,-2.6863105297088623,-3.2757623195648193
0,14,-2.7373602390289307,-3.286032199859619
0,15,-2.771822929382324,-3.3019306659698486
1,0,-2.069047689437866,-2.983882188796997
1,1,-2.121943950653076,-3.0038232803344727
1,2,-2.1689183712005615,-3.0245277881622314
1,3,-2.2197158336639404,-3.0430638790130615
1,4,-2.270220994949341,-3.056596279144287
1,5,-2.3099286556243896,-3.0742437839508057
1,6,-2.376580238342285,-3.0912091732025146
1,7,-2.4248552322387695,-3.0863986015319824
1,8,-2.4809937477111816,-3.1165969371795654
1,9,-2.5409388542175293,-3.1255111694335938
1,10,-2.5958786010742188,-3.150844097137451
1,11,-2.6529541015625,-3.173365592956543
1,12,-2.701171636581421,-3.2040159702301025
1,13,-2.753804922103882,-3.205008029937744
1,14,-2.8033151626586914,-3.236229181289673
1,15,-2.8383383750915527,-3.261871337890625
2,0,-2.052535057067871,-2.990288019180298
2,1,-2.101865530014038,-3.0085079669952393
2,2,-2.151688575744629,-3.0261871814727783
2,3,-2.191849708557129,-3.0387563705444336
2,4,-2.232966661453247,-3.0563125610351562
2,5,-2.271986246109009,-3.0845158100128174
2,6,-2.3153724670410156,-3.090541124343872
2,7,-2.3663792610168457,-3.1127564907073975
2,8,-2.4202828407287598,-3.11653733253479
2,9,-2.4756596088409424,-3.1403346061706543
2,10,-2.5264384746551514,-3.16178560256958
2,11,-2.586416244506836,-3.1757726669311523
2,12,-2.6218409538269043,-3.2014694213867188
2,13,-2.695298671722412,-3.2109475135803223
2,14,-2.751194953918457,-3.227346658706665
2,15,-2.801447629928589,-3.244706392288208
3,0,-2.0616352558135986,-2.983093023300171
3,1,-2.1163060665130615,-3.0202953815460205
3,2,-2.172475814819336,-3.031233549118042
3,3,-2.2249772548675537,-3.044351816177368
3,4,-2.2790985107421875,-3.068129301071167
3,5,-2.338196039199829,-3.0855777263641357
3,6,-2.4045908451080322,-3.1069655418395996
3,7,-2.4622483253479004,-3.1219000816345215
3,8,-2.5150647163391113,-3.1404495239257812
3,9,-2.565696954727173,-3.1553683280944824
3,10,-2.6232447624206543,-3.1647722721099854
3,11,-2.669816732406616,-3.192370891571045
3,12,-2.722334861755371,-3.214125871658325
3,13,-2.7751152515411377,-3.2215356826782227
3,14,-2.8241968154907227,-3.2346606254577637
3,15,-2.861923933029175,-3.248260974884033
4,0,-2.0335283279418945,-3.009921073913574
4,1,-2.0699257850646973,-3.0550198554992676
4,2,-2.0921595096588135,-3.097363233566284
4,3,-2.139146327972412,-3.120473861694336
4,4,-2.1758782863616943,-3.1302573680877686
4,5,-2.219017505645752,-3.159184694290161
4,6,-2.2642476558685303,-3.178449869155884
4,7,-2.3019580841064453,-3.2083027362823486
4,8,-2.357417583465576,-3.2403175830841064
4,9,-2.416236639022827,-3.2500839233398438
4,10,-2.4687442779541016,-3.2658259868621826
4,11,-2.52931547164917,-3.293163299560547
4,12,-2.5643341541290283,-3.3172383308410645
4,13,-2.6149487495422363,-3.3275272846221924
4,14,-2.670288324356079,-3.3524773120880127
4,15,-2.711582899093628,-3.3827714920043945
5,0,-2.0622029304504395,-3.007561206817627
5,1,-2.1132171154022217,-3.04592227935791
5,2,-2.1689157485961914,-3.0670032501220703
5,3,-2.213217258453369,-3.089891195297241
5,4,-2.2590160369873047,-3.1079962253570557
5,5,-2.306370258331299,-3.1321780681610107
5,6,-2.3543381690979004,-3.1291425228118896
5,7,-2.412437677383423,-3.1444027423858643
5,8,-2.467052698135376,-3.1737847328186035
5,9,-2.520676612854004,-3.186232566833496
5,10,-2.5762476921081543,-3.2078964710235596
5,11,-2.6374728679656982,-3.2198262214660645
5,12,-2.679076671600342,-3.2478668689727783
5,13,-2.72645902633667,-3.26517653465271
5,14,-2.7691140174865723,-3.279120683670044
5,15,-2.8048577308654785,-3.2832539081573486
6,0,-2.0555171966552734,-2.990561008453369
6,1,-2.1122376918792725,-3.010591983795166
6,2,-2.1619651317596436,-3.0239036083221436
6,3,-2.2116858959198,-3.0428876876831055
6,4,-2.2657811641693115,-3.055216073989868
6,5,-2.308387517929077,-3.0741066932678223
6,6,-2.361196517944336,-3.0887293815612793
6,7,-2.4098236560821533,-3.1047041416168213
6,8,-2.4683713912963867,-3.1276283264160156
6,9,-2.5187909603118896,-3.1505019664764404
6,10,-2.5619006156921387,-3.1690568923950195
6,11,-2.6117589473724365,-3.185645818710327
6,12,-2.6611196994781494,-3.201392650604248
6,13,-2.7067246437072754,-3.2102608680725098
6,14,-2.7504169940948486,-3.2315266132354736
6,15,-2.7957677841186523,-3.2440199851989746
7,0,-2.0657689571380615,-2.9940342903137207
7,1,-2.1161794662475586,-3.010719060897827
7,2,-2.165111541748047,-3.034109115600586
7,3,-2.218514919281006,-3.052624464035034
7,4,-2.271385908126831,-3.0729665756225586
7,5,-2.31145977973938,-3.1022562980651855
7,6,-2.3722751140594482,-3.1100502014160156
7,7,-2.427114486694336,-3.1326003074645996
7,8,-2.485373020172119,-3.14432430267334
7,9,-2.5377004146575928,-3.1836323738098145
7,10,-2.5948269367218018,-3.195896863937378
7,11,-2.642129421234131,-3.211393356323242
7,12,-2.688589334487915,-3.2417943477630615
7,13,-2.744323253631592,-3.2596070766448975
7,14,-2.7983217239379883,-3.277794599533081
7,15,-2.845031261444092,-3.2910547256469727
8,0,-2.0507147312164307,-2.9909374713897705
8,1,-2.1022889614105225,-3.008368968963623
8,2,-2.1457152366638184,-3.0027225017547607
8,3,-2.191352605819702,-3.0151560306549072
8,4,-2.233699321746826,-3.01953125
8,5,-2.274183750152588,-3.0343751907348633
8,6,-2.3256075382232666,-3.0451724529266357
8,7,-2.3771164417266846,-3.057483196258545
8,8,-2.4278697967529297,-3.0814385414123535
8,9,-2.485860586166382,-3.099545955657959
8,10,-2.53023099899292,-3.1222808361053467
8,11,-2.576312780380249,-3.140568971633911
8,12,-2.6217727661132812,-3.158576726913452
8,13,-2.6621246337890625,-3.176544666290283
8,14,-2.704925775527954,-3.189382314682007
8,15,-2.7462425231933594,-3.2004477977752686
9,0,-2.061835527420044,-2.9927902221679688
9,1,-2.114590883255005,-3.011530876159668
9,2,-2.1645960807800293,-3.0157344341278076
9,3,-2.2116355895996094,-3.0245680809020996
9,4,-2.255943536758423,-3.0317001342773438
9,5,-2.300226926803589,-3.041285991668701
9,6,-2.3404579162597656,-3.0475454330444336
9,7,-2.3822431564331055,-3.0495972633361816
9,8,-2.42517352104187,-3.0652883052825928
9,9,-2.4700186252593994,-3.0847647190093994
9,10,-2.5239779949188232,-3.0975394248962402
9,11,-2.5707080364227295,-3.1022236347198486
9,12,-2.631011724472046,-3.103039264678955
9,13,-2.6738903522491455,-3.107862949371338
9,14,-2.7203209400177,-3.1215944290161133
9,15,-2.7637581825256348,-3.129790782928467
10,0,-2.0668301582336426,-2.986626148223877
10,1,-2.113816022872925,-2.9992010593414307
10,2,-2.1677379608154297,-3.0164589881896973
10,3,-2.2135581970214844,-3.0326812267303467
10,4,-2.2644290924072266,-3.0427744388580322
10,5,-2.3218958377838135,-3.0580878257751465
10,6,-2.365309238433838,-3.0740487575531006
10,7,-2.413234233856201,-3.0977587699890137
10,8,-2.457448959350586,-3.108948230743408
10,9,-2.506193161010742,-3.135383367538452
10,10,-2.56418514251709,-3.1500537395477295
10,11,-2.6147682666778564,-3.168874740600586
10,12,-2.6739425659179688,-3.1837029457092285
10,13,-2.720050811767578,-3.202775478363037
10,14,-2.7700343132019043,-3.217839479446411
10,15,-2.8168344497680664,-3.2240593433380127
11,0,-2.0573742389678955,-2.9980411529541016
11,1,-2.10441255569458,-3.028137445449829
11,2,-2.150819778442383,-3.0535759925842285
11,3,-2.1972341537475586,-3.0808255672454834
11,4,-2.2415146827697754,-3.1001033782958984
11,5,-2.290750026702881,-3.113426446914673
11,6,-2.345036268234253,-3.134807825088501
11,7,-2.3902969360351562,-3.159421443939209
11,8,-2.4436562061309814,-3.182011127471924
11,9,-2.507000207901001,-3.1718950271606445
11,10,-2.5511105060577393,-3.1932506561279297
11,11,-2.606623649597168,-3.2099056243896484
11,12,-2.6500627994537354,-3.2316877841949463
11,13,-2.7037594318389893,-3.249549150466919
11,14,-2.763864517211914,-3.2423534393310547
11,15,-2.8067119121551514,-3.271498203277588
12,0,-2.0614655017852783,-2.9957668781280518
12,1,-2.121004104614258,-3.0141241550445557
12,2,-2.1741833686828613,-3.0447378158569336
12,3,-2.2207963466644287,-3.0609593391418457
12,4,-2.2813754081726074,-3.0752267837524414
12,5,-2.338390588760376,-3.0933597087860107
12,6,-2.3947548866271973,-3.1145052909851074
12,7,-2.446669340133667,-3.136098623275757
12,8,-2.491154670715332,-3.1478490829467773
12,9,-2.5373384952545166,-3.186284065246582
12,10,-2.5901641845703125,-3.214649200439453
12,11,-2.6582651138305664,-3.2435450553894043
12,12,-2.7020504474639893,-3.2761642932891846
12,13,-2.748551607131958,-3.3139703273773193
12,14,-2.7975990772247314,-3.3338818550109863
12,15,-2.8449182510375977,-3.3545637130737305
13,0,-2.0527868270874023,-3.0007102489471436
13,1,-2.1061580181121826,-3.0219507217407227
13,2,-2.1640052795410156,-3.0318775177001953
13,3,-2.2113730907440186,-3.048929214477539
13,4,-2.261824607849121,-3.069812536239624
13,5,-2.307300329208374,-3.0914454460144043
13,6,-2.3623111248016357,-3.112233877182007
13,7,-2.421050548553467,-3.1336941719055176
13,8,-2.4710516929626465,-3.173698902130127
13,9,-2.528315782546997,-3.1977486610412598
13,10,-2.579667329788208,-3.2157135009765625
13,11,-2.6418092250823975,-3.2467663288116455
13,12,-2.690974235534668,-3.2711215019226074
13,13,-2.7443463802337646,-3.287580966949463
13,14,-2.7947781085968018,-3.310758113861084
13,15,-2.848066568374634,-3.326539993286133
14,0,-2.058784246444702,-2.9958910942077637
14,1,-2.115190267562866,-3.0252840518951416
14,2,-2.1599442958831787,-3.0480377674102783
14,3,-2.215897560119629,-3.0632803440093994
14,4,-2.263031482696533,-3.0927863121032715
14,5,-2.3150241374969482,-3.1046507358551025
14,6,-2.3529441356658936,-3.128124952316284
14,7,-2.40006947517395,-3.1431145668029785
14,8,-2.44221830368042,-3.1595828533172607
14,9,-2.504685640335083,-3.1794025897979736
14,10,-2.5468406677246094,-3.1887879371643066
14,11,-2.598182439804077,-3.2116968631744385
14,12,-2.653362512588501,-3.2246921062469482
14,13,-2.7039742469787598,-3.2555949687957764
14,14,-2.742554187774658,-3.2828526496887207
14,15,-2.774790048599243,-3.3128435611724854
15,0,-2.0587124824523926,-2.995701313018799
15,1,-2.1083786487579346,-3.014725923538208
15,2,-2.1563761234283447,-3.0357933044433594
15,3,-2.204718828201294,-3.0559167861938477
15,4,-2.256378173828125,-3.0658092498779297
15,5,-2.3073136806488037,-3.0827395915985107
15,6,-2.36506724357605,-3.104452133178711
15,7,-2.421790361404419,-3.113619089126587
15,8,-2.476576805114746,-3.132023811340332
15,9,-2.5419466495513916,-3.1563925743103027
15,10,-2.6088716983795166,-3.1770613193511963
15,11,-2.6632273197174072,-3.184946060180664
15,12,-2.712533473968506,-3.210721492767334
15,13,-2.749925374984741,-3.2286264896392822
15,14,-2.801467180252075,-3.2484138011932373
15,15,-2.846128225326538,-3.258589029312134
16,0,-2.057293653488159,-2.9870336055755615
16,1,-2.1055707931518555,-3.003462553024292
16,2,-2.154876470565796,-3.021085739135742
16,3,-2.2000863552093506,-3.0431621074676514
16,4,-2.241067886352539,-3.0603835582733154
16,5,-2.290825605392456,-3.089366912841797
16,6,-2.3452632427215576,-3.101654291152954
16,7,-2.3920581340789795,-3.1218888759613037
16,8,-2.4460031986236572,-3.1517090797424316
16,9,-2.491338014602661,-3.183293342590332
16,10,-2.551426410675049,-3.200469493865967
16,11,-2.6090753078460693,-3.229766845703125
16,12,-2.6589229106903076,-3.25285005569458
16,13,-2.7154955863952637,-3.2659902572631836
16,14,-2.767343044281006,-3.282773733139038
16,15,-2.8165431022644043,-3.2833614349365234
17,0,-2.0571699142456055,-2.990246295928955
17,1,-2.1156365871429443,-3.0070838928222656
17,2,-2.166581630706787,-3.0223870277404785
17,3,-2.2108211517333984,-3.03613543510437
17,4,-2.2582216262817383,-3.0592353343963623
17,5,-2.3035478591918945,-3.0742180347442627
17,6,-2.3615949153900146,-3.088416814804077
17,7,-2.419904947280884,-3.1053085327148438
17,8,-2.4642248153686523,-3.135248899459839
17,9,-2.522146224975586,-3.153735637664795
17,10,-2.568997859954834,-3.178661823272705
17,11,-2.630063772201538,-3.2113516330718994
17,12,-2.683884620666504,-3.2414207458496094
17,13,-2.7181270122528076,-3.280207633972168
17,14,-2.7715096473693848,-3.316760778427124
17,15,-2.814696788787842,-3.33547043800354
18,0,-2.0595428943634033,-2.9838216304779053
18,1,-2.1133029460906982,-2.9990243911743164
18,2,-2.163027763366699,-3.017989158630371
18,3,-2.2057082653045654,-3.033926486968994
18,4,-2.2565970420837402,-3.053469181060791
18,5,-2.3016858100891113,-3.075779676437378
18,6,-2.348329544067383,-3.09204363822937
18,7,-2.401937246322632,-3.1117265224456787
18,8,-2.44685959815979,-3.1378867626190186
18,9,-2.502577304840088,-3.156937599182129
18,10,-2.5489797592163086,-3.1761796474456787
18,11,-2.5976545810699463,-3.193192958831787
18,12,-2.644104242324829,-3.214794635772705
18,13,-2.7000696659088135,-3.223836660385132
18,14,-2.7414941787719727,-3.247713327407837
18,15,-2.7848222255706787,-3.2586469650268555
19,0,-2.068155527114868,-2.989818572998047
19,1,-2.117724895477295,-3.0077834129333496
19,2,-2.175649881362915,-3.013899564743042
19,3,-2.2262156009674072,-3.035865306854248
19,4,-2.270354986190796,-3.041578531265259
19,5,-2.322967052459717,-3.0531556606292725
19,6,-2.3798577785491943,-3.0511770248413086
19,7,-2.428736686706543,-3.07082462310791
19,8,-2.4899544715881348,-3.0803840160369873
19,9,-2.5378847122192383,-3.0927982330322266
19,10,-2.5914740562438965,-3.101431369781494
19,11,-2.636445999145508,-3.10843825340271
19,12,-2.6745617389678955,-3.1188671588897705
19,13,-2.7038018703460693,-3.1357171535491943
19,14,-2.7537083625793457,-3.1480398178100586
19,15,-2.7995712757110596,-3.1475603580474854
20,0,-2.0550079345703125,-2.9864561557769775
20,1,-2.1063411235809326,-3.0058791637420654
20,2,-2.1495611667633057,-3.0209484100341797
20,3,-2.1979498863220215,-3.030475616455078
20,4,-2.2408909797668457,-3.041576623916626
20,5,-2.288992404937744,-3.063420534133911
20,6,-2.340813398361206,-3.0770368576049805
20,7,-2.390171527862549,-3.0983614921569824
20,8,-2.4364264011383057,-3.113882064819336
20,9,-2.482112407684326,-3.1433112621307373
20,10,-2.526597738265991,-3.1593267917633057
20,11,-2.5723812580108643,-3.179821491241455
20,12,-2.62595534324646,-3.1935009956359863
20,13,-2.669541835784912,-3.2058591842651367
20,14,-2.712841749191284,-3.2178924083709717
20,15,-2.7628064155578613,-3.21501088142395
21,0,-2.0589091777801514,-2.9970815181732178
21,1,-2.1106770038604736,-3.0239317417144775
21,2,-2.1659414768218994,-3.041311264038086
21,3,-2.207326650619507,-3.0529022216796875
21,4,-2.259528875350952,-3.0783498287200928
21,5,-2.3216397762298584,-3.100339412689209
21,6,-2.376251697540283,-3.1211233139038086
21,7,-2.438246965408325,-3.145263195037842
21,8,-2.497868537902832,-3.1720499992370605
21,9,-2.5582964420318604,-3.1853225231170654
21,10,-2.6140081882476807,-3.2122437953948975
21,11,-2.66544246673584,-3.2320728302001953
21,12,-2.7171638011932373,-3.2524406909942627
21,13,-2.762441873550415,-3.273876428604126
21,14,-2.8098528385162354,-3.2885653972625732
21,15,-2.847268581390381,-3.316735029220581
22,0,-2.059603452682495,-3.000859022140503
22,1,-2.1058571338653564,-3.0290679931640625
22,2,-2.1428985595703125,-3.0500190258026123
22,3,-2.198507785797119,-3.0729479789733887
22,4,-2.243413209915161,-3.090056896209717
22,5,-2.292747735977173,-3.1056325435638428
22,6,-2.3509674072265625,-3.1170434951782227
22,7,-2.407963991165161,-3.1307852268218994
22,8,-2.4601361751556396,-3.1481237411499023
22,9,-2.513624906539917,-3.165022850036621
22,10,-2.5630717277526855,-3.184467077255249
22,11,-2.6117632389068604,-3.2040507793426514
22,12,-2.667389392852783,-3.2279789447784424
22,13,-2.723668098449707,-3.246089458465576
22,14,-2.7677011489868164,-3.2773334980010986
22,15,-2.812791109085083,-3.2978529930114746
23,0,-2.065915107727051,-2.9912467002868652
23,1,-2.1176846027374268,-3.013530731201172
23,2,-2.176551342010498,-3.0308806896209717
23,3,-2.228949546813965,-3.0570292472839355
23,4,-2.285797357559204,-3.0834105014801025
23,5,-2.339975118637085,-3.103470802307129
23,6,-2.3958003520965576,-3.123525619506836
23,7,-2.457246780395508,-3.1568198204040527
23,8,-2.5160014629364014,-3.178422689437866
23,9,-2.5603556632995605,-3.2008469104766846
23,10,-2.6038599014282227,-3.2141122817993164
23,11,-2.6470978260040283,-3.2353005409240723
23,12,-2.6927058696746826,-3.259262800216675
23,13,-2.7363409996032715,-3.270404577255249
23,14,-2.779299020767212,-3.2823903560638428
23,15,-2.818966865539551,-3.295837879180908
24,0,-2.0619699954986572,-2.979105234146118
24,1,-2.1152307987213135,-3.000936269760132
24,2,-2.145887613296509,-3.0378096103668213
24,3,-2.2020843029022217,-3.045337677001953
24,4,-2.2524542808532715,-3.0655677318573
24,5,-2.302293539047241,-3.076845407485962
24,6,-2.347179889678955,-3.1177618503570557
24,7,-2.409863233566284,-3.1297526359558105
24,8,-2.449833393096924,-3.1530933380126953
24,9,-2.502229690551758,-3.1748387813568115
24,10,-2.5373706817626953,-3.2013418674468994
24,11,-2.597332239151001,-3.231955051422119
24,12,-2.627182722091675,-3.2809245586395264
24,13,-2.650115966796875,-3.309250593185425
24,14,-2.706106424331665,-3.327735185623169
24,15,-2.7366695404052734,-3.3476784229278564
25,0,-2.063164710998535,-2.9924869537353516
25,1,-2.1171324253082275,-3.0126402378082275
25,2,-2.1674458980560303,-3.0306477546691895
25,3,-2.213996171951294,-3.038299083709717
25,4,-2.2733359336853027,-3.047090530395508
25,5,-2.320732355117798,-3.064882278442383
25,6,-2.372081995010376,-3.0843048095703125
25,7,-2.422238349914551,-3.1003260612487793
25,8,-2.483412504196167,-3.1168065071105957
25,9,-2.5487916469573975,-3.1431186199188232
25,10,-2.598754644393921,-3.1634843349456787
25,11,-2.65822434425354,-3.158186197280884
25,12,-2.7078309059143066,-3.179168939590454
25,13,-2.7528905868530273,-3.2037758827209473
25,14,-2.822747230529785,-3.220323324203491
25,15,-2.8766117095947266,-3.233821153640747
26,0,-2.0560142993927,-2.9938619136810303
26,1,-2.1107778549194336,-3.011427640914917
26,2,-2.1641957759857178,-3.0399832725524902
26,3,-2.21869158744812,-3.062999963760376
26,4,-2.273569107055664,-3.0894060134887695
26,5,-2.328606128692627,-3.110015392303467
26,6,-2.3731017112731934,-3.1469595432281494
26,7,-2.4342055320739746,-3.160896062850952
26,8,-2.4910342693328857,-3.1873137950897217
26,9,-2.543134927749634,-3.2083451747894287
26,10,-2.5976099967956543,-3.23944091796875
26,11,-2.6528797149658203,-3.2531750202178955
26,12,-2.706998109817505,-3.2698514461517334
26,13,-2.7518458366394043,-3.302248954772949
26,14,-2.795100450515747,-3.3204805850982666
26,15,-2.840043544769287,-3.3281924724578857
27,0,-2.0549163818359375,-2.988886833190918
27,1,-2.0955331325531006,-3.0077593326568604
27,2,-2.1624481678009033,-3.010646104812622
27,3,-2.1956400871276855,-3.03875470161438
27,4,-2.254138708114624,-3.047243595123291
27,5,-2.303759813308716,-3.0546276569366455
27,6,-2.350520610809326,-3.0682549476623535
27,7,-2.3954248428344727,-3.0797078609466553
27,8,-2.448338508605957,-3.1058061122894287
27,9,-2.501004457473755,-3.121814727783203
27,10,-2.5573019981384277,-3.1259219646453857
27,11,-2.6033682823181152,-3.144710063934326
27,12,-2.649733304977417,-3.1594536304473877
27,13,-2.6985998153686523,-3.177656412124634
27,14,-2.7536089420318604,-3.201798439025879
27,15,-2.8001821041107178,-3.2295172214508057
28,0,-2.0647358894348145,-2.998560667037964
28,1,-2.1194190979003906,-3.0320308208465576
28,2,-2.17177152633667,-3.0462539196014404
28,3,-2.224079132080078,-3.066471815109253
28,4,-2.274017810821533,-3.0944936275482178
28,5,-2.3299660682678223,-3.112928867340088
28,6,-2.3855385780334473,-3.128190517425537
28,7,-2.438568115234375,-3.1482465267181396
28,8,-2.4942805767059326,-3.162550687789917
28,9,-2.542062997817993,-3.182845115661621
28,10,-2.5860745906829834,-3.210792303085327
28,11,-2.629689931869507,-3.2337090969085693
28,12,-2.66481876373291,-3.2643039226531982
28,13,-2.7082231044769287,-3.27746844291687
28,14,-2.756962537765503,-3.296882390975952
28,15,-2.8007757663726807,-3.305661201477051
29,0,-2.062894582748413,-3.0048742294311523
29,1,-2.11422061920166,-3.0205397605895996
29,2,-2.170438289642334,-3.028493642807007
29,3,-2.2247674465179443,-3.0442821979522705
29,4,-2.284449577331543,-3.062443733215332
29,5,-2.3429741859436035,-3.082508087158203
29,6,-2.4023494720458984,-3.097944498062134
29,7,-2.4483587741851807,-3.117426633834839
29,8,-2.498520612716675,-3.131131410598755
29,9,-2.5533292293548584,-3.142275333404541
29,10,-2.611832857131958,-3.1570889949798584
29,11,-2.661964178085327,-3.1810803413391113
29,12,-2.6911461353302,-3.207697868347168
29,13,-2.7399415969848633,-3.2352006435394287
29,14,-2.7878103256225586,-3.2609503269195557
29,15,-2.8377559185028076,-3.2810683250427246
30,0,-2.0642313957214355,-2.9888551235198975
30,1,-2.1128578186035156,-3.007573366165161
30,2,-2.1626932621002197,-3.024693727493286
30,3,-2.2148473262786865,-3.0368545055389404
30,4,-2.2750773429870605,-3.0471460819244385
30,5,-2.326521635055542,-3.059326410293579
30,6,-2.377084255218506,-3.0849850177764893
30,7,-2.435852289199829,-3.1040401458740234
30,8,-2.4914276599884033,-3.12089467048645
30,9,-2.5483767986297607,-3.1344590187072754
30,10,-2.6117537021636963,-3.153050184249878
30,11,-2.6561458110809326,-3.168002128601074
30,12,-2.693830966949463,-3.1963908672332764
30,13,-2.734712600708008,-3.212115526199341
30,14,-2.7751173973083496,-3.2358510494232178
30,15,-2.815847635269165,-3.2552597522735596
31,0,-2.052786350250244,-2.997668743133545
31,1,-2.1047236919403076,-3.0167768001556396
31,2,-2.1523711681365967,-3.0325815677642822
31,3,-2.210110902786255,-3.0485100746154785
31,4,-2.260711669921875,-3.0721280574798584
31,5,-2.3221147060394287,-3.1055009365081787
31,6,-2.372040033340454,-3.1312923431396484
31,7,-2.4301798343658447,-3.1652562618255615
31,8,-2.483164072036743,-3.194066286087036
31,9,-2.547163963317871,-3.2159345149993896
31,10,-2.5971481800079346,-3.2416841983795166
31,11,-2.6551756858825684,-3.278562545776367
31,12,-2.703453779220581,-3.2999067306518555
31,13,-2.756848096847534,-3.320425033569336
31,14,-2.8010172843933105,-3.34283709526062
31,15,-2.841874361038208,-3.3592429161071777
32,0,-2.0598323345184326,-2.988190174102783
32,1,-2.1092474460601807,-3.0158355236053467
32,2,-2.174588680267334,-3.0362019538879395
32,3,-2.229647159576416,-3.045797348022461
32,4,-2.2905519008636475,-3.0674357414245605
32,5,-2.346851110458374,-3.0786051750183105
32,6,-2.409412145614624,-3.089853048324585
32,7,-2.4586386680603027,-3.1123945713043213
32,8,-2.5110015869140625,-3.1313045024871826
32,9,-2.5712058544158936,-3.145481824874878
32,10,-2.6322872638702393,-3.165536403656006
32,11,-2.686100721359253,-3.1908810138702393
32,12,-2.729374408721924,-3.2158472537994385
32,13,-2.779531717300415,-3.24355411529541
32,14,-2.823878288269043,-3.26179838180542
32,15,-2.8617136478424072,-3.2926864624023438
33,0,-2.060892105102539,-2.98128080368042
33,1,-2.103198528289795,-3.0009727478027344
33,2,-2.147400379180908,-3.022796392440796
33,3,-2.199070453643799,-3.0368919372558594
33,4,-2.248610019683838,-3.049182653427124
33,5,-2.29240345954895,-3.064469575881958
33,6,-2.34277606010437,-3.084301233291626
33,7,-2.40092396736145,-3.1011712551116943
33,8,-2.4576516151428223,-3.1258673667907715
33,9,-2.5184993743896484,-3.1363885402679443
33,10,-2.5685348510742188,-3.154031753540039
33,11,-2.6216702461242676,-3.171262741088867
33,12,-2.673588514328003,-3.192858934402466
33,13,-2.7274975776672363,-3.2117655277252197
33,14,-2.7750115394592285,-3.2250516414642334
33,15,-2.817758560180664,-3.2485668659210205
34,0,-2.068413496017456,-2.9817042350769043
34,1,-2.120600461959839,-3.0083529949188232
34,2,-2.157912254333496,-3.0265064239501953
34,3,-2.216930866241455,-3.040653705596924
34,4,-2.264432907104492,-3.056868314743042
34,5,-2.3229167461395264,-3.0707223415374756
34,6,-2.3869125843048096,-3.080850124359131
34,7,-2.435222625732422,-3.09533429145813
34,8,-2.481365919113159,-3.109135150909424
34,9,-2.530548095703125,-3.1107616424560547
34,10,-2.58807110786438,-3.117790937423706
34,11,-2.6368961334228516,-3.1420536041259766
34,12,-2.6902198791503906,-3.165026903152466
34,13,-2.740034580230713,-3.187561511993408
34,14,-2.7870404720306396,-3.206144094467163
34,15,-2.8396644592285156,-3.2214198112487793
35,0,-2.068082332611084,-2.997297525405884
35,1,-2.1150946617126465,-3.0329341888427734
35,2,-2.179574489593506,-3.0474226474761963
35,3,-2.2265589237213135,-3.0694961547851562
35,4,-2.2910592555999756,-3.0915541648864746
35,5,-2.358294725418091,-3.091986894607544
35,6,-2.425088405609131,-3.102463960647583
35,7,-2.469205856323242,-3.125527858734131
35,8,-2.522045373916626,-3.136263608932495
35,9,-2.5802009105682373,-3.168245315551758
35,10,-2.6406478881835938,-3.1783480644226074
35,11,-2.6896049976348877,-3.199398994445801
35,12,-2.7473862171173096,-3.219252586364746
35,13,-2.810068130493164,-3.2340171337127686
35,14,-2.8626866340637207,-3.2455267906188965
35,15,-2.9182631969451904,-3.256300687789917
36,0,-2.052018642425537,-3.0195255279541016
36,1,-2.0959854125976562,-3.0654780864715576
36,2,-2.140063762664795,-3.1021556854248047
36,3,-2.189380645751953,-3.1166276931762695
36,4,-2.238999366760254,-3.1253838539123535
36,5,-2.288731336593628,-3.1422362327575684
36,6,-2.338564395904541,-3.1586802005767822
36,7,-2.405463218688965,-3.174921751022339
36,8,-2.4654712677001953,-3.1967825889587402
36,9,-2.5133914947509766,-3.213026523590088
36,10,-2.5692391395568848,-3.2269649505615234
36,11,-2.637491226196289,-3.23818039894104
36,12,-2.686998128890991,-3.2506213188171387
36,13,-2.7425830364227295,-3.2678921222686768
36,14,-2.8070476055145264,-3.2755448818206787
36,15,-2.8481638431549072,-3.3129100799560547
37,0,-2.059368133544922,-3.002821922302246
37,1,-2.102569818496704,-3.0174262523651123
37,2,-2.151451587677002,-3.040250778198242
37,3,-2.189375877380371,-3.068631410598755
37,4,-2.2356083393096924,-3.0908687114715576
37,5,-2.286029577255249,-3.1084089279174805
37,6,-2.3331053256988525,-3.1242661476135254
37,7,-2.3914315700531006,-3.150745153427124
37,8,-2.42948842048645,-3.1781258583068848
37,9,-2.484466791152954,-3.1925060749053955
37,10,-2.5395636558532715,-3.21212100982666
37,11,-2.591038942337036,-3.2333717346191406
37,12,-2.645618438720703,-3.2529172897338867
37,13,-2.7023141384124756,-3.2634048461914062
37,14,-2.74837064743042,-3.2870218753814697
37,15,-2.7922983169555664,-3.3098974227905273
38,0,-2.057215452194214,-2.9873054027557373
38,1,-2.105872869491577,-3.0099103450775146
38,2,-2.1574790477752686,-3.024303913116455
38,3,-2.2053115367889404,-3.0428450107574463
38,4,-2.255117654800415,-3.067143678665161
38,5,-2.3049333095550537,-3.088622808456421
38,6,-2.3568596839904785,-3.110213279724121
38,7,-2.4064645767211914,-3.1364593505859375
38,8,-2.4566006660461426,-3.156463146209717
38,9,-2.503706932067871,-3.1806399822235107
38,10,-2.5502119064331055,-3.19528865814209
38,11,-2.5986838340759277,-3.2161171436309814
38,12,-2.6464908123016357,-3.242781400680542
38,13,-2.702993154525757,-3.2617745399475098
38,14,-2.7409603595733643,-3.2742714881896973
38,15,-2.786421775817871,-3.2972538471221924
39,0,-2.0588834285736084,-2.983556032180786
39,1,-2.104546070098877,-2.9994444847106934
39,2,-2.156770706176758,-3.0143754482269287
39,3,-2.2050888538360596,-3.0331268310546875
39,4,-2.255131959915161,-3.047919750213623
39,5,-2.3023183345794678,-3.0668561458587646
39,6,-2.3585994243621826,-3.08489727973938
39,7,-2.4084274768829346,-3.104679822921753
39,8,-2.4583587646484375,-3.1281280517578125
39,9,-2.517103433609009,-3.1438333988189697
39,10,-2.5764710903167725,-3.1569244861602783
39,11,-2.627756118774414,-3.175733804702759
39,12,-2.6756811141967773,-3.2003121376037598
39,13,-2.7346017360687256,-3.2100720405578613
39,14,-2.783879041671753,-3.2287096977233887
39,15,-2.8401315212249756,-3.2432796955108643
40,0,-2.04902982711792,-3.001943588256836
40,1,-2.09094500541687,-3.017112970352173
40,2,-2.130934238433838,-3.0275092124938965
40,3,-2.1659085750579834,-3.044739007949829
40,4,-2.2035484313964844,-3.058323621749878
40,5,-2.251132011413574,-3.0699331760406494
40,6,-2.3008713722229004,-3.0834062099456787
40,7,-2.3515186309814453,-3.1026453971862793
40,8,-2.4030137062072754,-3.117128372192383
40,9,-2.4496896266937256,-3.1386001110076904
40,10,-2.5074143409729004,-3.148545026779175
40,11,-2.5544934272766113,-3.17045259475708
40,12,-2.6032118797302246,-3.1936075687408447
40,13,-2.6583855152130127,-3.2121500968933105
40,14,-2.7056922912597656,-3.236868381500244
40,15,-2.766284227371216,-3.250275135040283
41,0,-2.042443037033081,-3.028452157974243
41,1,-2.0990946292877197,-3.073296070098877
41,2,-2.1423611640930176,-3.083136558532715
41,3,-2.174320936203003,-3.100571632385254
41,4,-2.224795341491699,-3.1120126247406006
41,5,-2.288674831390381,-3.1321940422058105
41,6,-2.3388497829437256,-3.1532013416290283
41,7,-2.3963043689727783,-3.1633505821228027
41,8,-2.4504740238189697,-3.1776468753814697
41,9,-2.500225067138672,-3.1962411403656006
41,10,-2.5502946376800537,-3.2187981605529785
41,11,-2.6026158332824707,-3.2352185249328613
41,12,-2.6513564586639404,-3.2624194622039795
41,13,-2.6998653411865234,-3.277094602584839
41,14,-2.7466087341308594,-3.3024604320526123
41,15,-2.7860069274902344,-3.3193411827087402
42,0,-2.06320858001709,-3.0014379024505615
42,1,-2.1129684448242188,-3.028676986694336
42,2,-2.1677489280700684,-3.0517044067382812
42,3,-2.215069532394409,-3.070533514022827
42,4,-2.2715516090393066,-3.0960693359375
42,5,-2.3194949626922607,-3.1190695762634277
42,6,-2.372075319290161,-3.1375036239624023
42,7,-2.4282948970794678,-3.156203031539917
42,8,-2.4751651287078857,-3.175442934036255
42,9,-2.5252091884613037,-3.1903159618377686
42,10,-2.5738749504089355,-3.2138314247131348
42,11,-2.633953094482422,-3.2269606590270996
42,12,-2.6858906745910645,-3.2394073009490967
42,13,-2.74147367477417,-3.276747465133667
42,14,-2.788318395614624,-3.2910494804382324
42,15,-2.8323168754577637,-3.294445276260376
43,0,-2.061424732208252,-2.9990527629852295
43,1,-2.127803325653076,-3.0330913066864014
43,2,-2.192718505859375,-3.0556721687316895
43,3,-2.2529568672180176,-3.091304302215576
43,4,-2.3167431354522705,-3.104952812194824
43,5,-2.389014482498169,-3.127271890640259
43,6,-2.4513752460479736,-3.14447283744812
43,7,-2.512190341949463,-3.1726901531219482
43,8,-2.5710232257843018,-3.2046546936035156
43,9,-2.6310536861419678,-3.224144697189331
43,10,-2.6935994625091553,-3.238610029220581
43,11,-2.756652593612671,-3.243035316467285
43,12,-2.8191521167755127,-3.2474451065063477
43,13,-2.8752501010894775,-3.244335412979126
43,14,-2.937873125076294,-3.2378482818603516
43,15,-2.985874652862549,-3.232893228530884
44,0,-2.041076183319092,-2.9885497093200684
44,1,-2.082473039627075,-3.007371664047241
44,2,-2.1337292194366455,-3.008864402770996
44,3,-2.178051233291626,-2.9983346462249756
44,4,-2.2331020832061768,-3.0157241821289062
44,5,-2.2772674560546875,-3.0224006175994873
44,6,-2.3160173892974854,-3.046104907989502
44,7,-2.3633103370666504,-3.0586752891540527
44,8,-2.4044110774993896,-3.084538221359253
44,9,-2.4494497776031494,-3.105374813079834
44,10,-2.4979751110076904,-3.130528211593628
44,11,-2.544867992401123,-3.1454832553863525
44,12,-2.594856023788452,-3.1673521995544434
44,13,-2.6421213150024414,-3.181365966796875
44,14,-2.6810455322265625,-3.2006609439849854
44,15,-2.722792625427246,-3.2133066654205322
45,0,-2.0749013423919678,-2.991401195526123
45,1,-2.1335315704345703,-3.0100691318511963
45,2,-2.18402099609375,-3.0317142009735107
45,3,-2.235318660736084,-3.048036813735962
45,4,-2.289912462234497,-3.048247814178467
45,5,-2.3462228775024414,-3.0904884338378906
45,6,-2.4031946659088135,-3.116274833679199
45,7,-2.455932378768921,-3.129258871078491
45,8,-2.5042662620544434,-3.164342164993286
45,9,-2.569129228591919,-3.1831746101379395
45,10,-2.6215872764587402,-3.209907054901123
45,11,-2.6842851638793945,-3.2341811656951904
45,12,-2.733884334564209,-3.274564027786255
45,13,-2.7909140586853027,-3.288205862045288
45,14,-2.8546321392059326,-3.294779062271118
45,15,-2.9034388065338135,-3.3017709255218506
46,0,-2.0582871437072754,-3.0016560554504395
46,1,-2.104661464691162,-3.0140535831451416
46,2,-2.163191318511963,-3.03285813331604
46,3,-2.218249797821045,-3.0496814250946045
46,4,-2.276614189147949,-3.075161933898926
46,5,-2.3229756355285645,-3.0924973487854004
46,6,-2.369266986846924,-3.111253023147583
46,7,-2.4244303703308105,-3.1148178577423096
46,8,-2.491626262664795,-3.1281304359436035
46,9,-2.546875238418579,-3.1470398902893066
46,10,-2.603632926940918,-3.149033308029175
46,11,-2.6655657291412354,-3.1690404415130615
46,12,-2.714236259460449,-3.1841022968292236
46,13,-2.76625657081604,-3.222956657409668
46,14,-2.8207576274871826,-3.2380623817443848
46,15,-2.878735303878784,-3.244868278503418
47,0,-2.0697760581970215,-2.993581771850586
47,1,-2.1143999099731445,-3.019662618637085
47,2,-2.159484624862671,-3.0387418270111084
47,3,-2.200834035873413,-3.059140682220459
47,4,-2.245750665664673,-3.085270881652832
47,5,-2.3006441593170166,-3.110795736312866
47,6,-2.3510122299194336,-3.1235063076019287
47,7,-2.39437198638916,-3.154744863510132
47,8,-2.4300901889801025,-3.188777446746826
47,9,-2.4854583740234375,-3.2006683349609375
47,10,-2.5296192169189453,-3.2233388423919678
47,11,-2.549647808074951,-3.272361993789673
47,12,-2.581242084503174,-3.295625686645508
47,13,-2.634399890899658,-3.322050094604492
47,14,-2.689049243927002,-3.339380979537964
47,15,-2.7451515197753906,-3.356048345565796
48,0,-2.0679001808166504,-2.9777612686157227
48,1,-2.129711389541626,-3.008226156234741
48,2,-2.1807353496551514,-3.020345449447632
48,3,-2.2338173389434814,-3.0511794090270996
48,4,-2.284686803817749,-3.076026678085327
48,5,-2.3394792079925537,-3.093348979949951
48,6,-2.4034876823425293,-3.0998055934906006
48,7,-2.4630484580993652,-3.1141839027404785
48,8,-2.521383762359619,-3.134434938430786
48,9,-2.563211441040039,-3.156315803527832
48,10,-2.609203577041626,-3.1768617630004883
48,11,-2.6632306575775146,-3.1940579414367676
48,12,-2.7044730186462402,-3.217745780944824
48,13,-2.7621583938598633,-3.238797664642334
48,14,-2.8202145099639893,-3.262235164642334
48,15,-2.8627138137817383,-3.2636406421661377
49,0,-2.0669753551483154,-2.983039379119873
49,1,-2.1382551193237305,-2.9943978786468506
49,2,-2.1779019832611084,-3.009382724761963
49,3,-2.222461462020874,-3.0262835025787354
49,4,-2.264620065689087,-3.046424388885498
49,5,-2.304147720336914,-3.0478479862213135
49,6,-2.3579461574554443,-3.0620763301849365
49,7,-2.4092535972595215,-3.0757927894592285
49,8,-2.4656982421875,-3.097015619277954
49,9,-2.5136566162109375,-3.1127936840057373
49,10,-2.5617387294769287,-3.1327075958251953
49,11,-2.615117073059082,-3.145962715148926
49,12,-2.6742701530456543,-3.165546417236328
49,13,-2.730170249938965,-3.1831321716308594
49,14,-2.783716917037964,-3.188734769821167
49,15,-2.8329031467437744,-3.2077107429504395
50,0,-2.0600476264953613,-2.9932236671447754
50,1,-2.112373113632202,-3.018496513366699
50,2,-2.1545770168304443,-3.039367198944092
50,3,-2.203484296798706,-3.0619308948516846
50,4,-2.2529492378234863,-3.080355405807495
50,5,-2.306797742843628,-3.111210823059082
50,6,-2.3569324016571045,-3.135901689529419
50,7,-2.413362503051758,-3.147751808166504
50,8,-2.4679014682769775,-3.1799957752227783
50,9,-2.5229251384735107,-3.2025938034057617
50,10,-2.5771830081939697,-3.226586103439331
50,11,-2.63126540184021,-3.2511985301971436
50,12,-2.678753137588501,-3.2720179557800293
50,13,-2.729454517364502,-3.297701597213745
50,14,-2.7733867168426514,-3.314847946166992
50,15,-2.8162364959716797,-3.339223861694336
51,0,-2.059896230697632,-2.992705821990967
51,1,-2.1057207584381104,-3.010676383972168
51,2,-2.152604341506958,-3.0248489379882812
51,3,-2.1973211765289307,-3.0443906784057617
51,4,-2.246018648147583,-3.0633978843688965
51,5,-2.2919530868530273,-3.088249921798706
51,6,-2.3437488079071045,-3.109403610229492
51,7,-2.3937127590179443,-3.1351850032806396
51,8,-2.445918083190918,-3.1568074226379395
51,9,-2.4968154430389404,-3.1773903369903564
51,10,-2.542349100112915,-3.211378335952759
51,11,-2.5947763919830322,-3.2381703853607178
51,12,-2.6438395977020264,-3.2523245811462402
51,13,-2.6866283416748047,-3.2644221782684326
51,14,-2.732172727584839,-3.2849550247192383
51,15,-2.770465850830078,-3.302048921585083
52,0,-2.0574402809143066,-2.991657018661499
52,1,-2.1076104640960693,-3.004833221435547
52,2,-2.152949333190918,-3.02838397026062
52,3,-2.200322151184082,-3.050111770629883
52,4,-2.2510299682617188,-3.067126512527466
52,5,-2.2988760471343994,-3.086303472518921
52,6,-2.35331392288208,-3.114468574523926
52,7,-2.4003326892852783,-3.1331310272216797
52,8,-2.4544239044189453,-3.1520209312438965
52,9,-2.508781671524048,-3.1766905784606934
52,10,-2.556563138961792,-3.190256118774414
52,11,-2.6015591621398926,-3.212170124053955
52,12,-2.6471362113952637,-3.2403981685638428
52,13,-2.6978025436401367,-3.259800434112549
52,14,-2.7414402961730957,-3.2801883220672607
52,15,-2.788933753967285,-3.2951838970184326
53,0,-2.0610618591308594,-3.0036184787750244
53,1,-2.109076976776123,-3.0197343826293945
53,2,-2.162097930908203,-3.029531955718994
53,3,-2.208850860595703,-3.0576021671295166
53,4,-2.257308006286621,-3.0727059841156006
53,5,-2.306685209274292,-3.0863072872161865
53,6,-2.3509445190429688,-3.104604721069336
53,7,-2.410951614379883,-3.126150131225586
53,8,-2.467982053756714,-3.1463663578033447
53,9,-2.532846689224243,-3.168581962585449
53,10,-2.590165615081787,-3.1951394081115723
53,11,-2.6390769481658936,-3.2230732440948486
53,12,-2.6841392517089844,-3.242959499359131
53,13,-2.73519229888916,-3.264568328857422
53,14,-2.7871944904327393,-3.2923290729522705
53,15,-2.834207534790039,-3.305518865585327
54,0,-2.060612678527832,-2.9857990741729736
54,1,-2.1162993907928467,-3.0016300678253174
54,2,-2.1714115142822266,-3.019089460372925
54,3,-2.211456060409546,-3.049318552017212
54,4,-2.2636733055114746,-3.05877685546875
54,5,-2.3087549209594727,-3.0758233070373535
54,6,-2.3619446754455566,-3.0981664657592773
54,7,-2.4164955615997314,-3.116497278213501
54,8,-2.4728498458862305,-3.1383883953094482
54,9,-2.5289456844329834,-3.168231725692749
54,10,-2.576770782470703,-3.1728153228759766
54,11,-2.6292917728424072,-3.1972131729125977
54,12,-2.6778182983398438,-3.2164206504821777
54,13,-2.729700803756714,-3.2318875789642334
54,14,-2.7688710689544678,-3.248993158340454
54,15,-2.8143150806427,-3.2624106407165527
55,0,-2.0300886631011963,-2.984881639480591
55,1,-2.0792717933654785,-2.998708963394165
55,2,-2.125835657119751,-3.006474733352661
55,3,-2.181960105895996,-3.0267605781555176
55,4,-2.2279679775238037,-3.040140151977539
55,5,-2.2977027893066406,-3.049450635910034
55,6,-2.3595778942108154,-3.062211036682129
55,7,-2.4236676692962646,-3.08052659034729
55,8,-2.484853744506836,-3.105379581451416
55,9,-2.5344486236572266,-3.1155433654785156
55,10,-2.5948941707611084,-3.132369041442871
55,11,-2.656402587890625,-3.1518518924713135
55,12,-2.7111568450927734,-3.178698778152466
55,13,-2.761012315750122,-3.20727276802063
55,14,-2.823000431060791,-3.2270662784576416
55,15,-2.871328592300415,-3.241452217102051
56,0,-2.043405771255493,-2.9988248348236084
56,1,-2.0860276222229004,-3.013925075531006
56,2,-2.1414012908935547,-3.0237791538238525
56,3,-2.187286615371704,-3.0373752117156982
56,4,-2.232475996017456,-3.0552127361297607
56,5,-2.286594867706299,-3.0694684982299805
56,6,-2.3426573276519775,-3.0860443115234375
56,7,-2.4061708450317383,-3.1139745712280273
56,8,-2.4541661739349365,-3.1236443519592285
56,9,-2.503631830215454,-3.1446330547332764
56,10,-2.5524051189422607,-3.1683387756347656
56,11,-2.600081443786621,-3.1857893466949463
56,12,-2.647125482559204,-3.205153703689575
56,13,-2.6936869621276855,-3.2263994216918945
56,14,-2.7475082874298096,-3.2379510402679443
56,15,-2.8047542572021484,-3.25335955619812
57,0,-2.0496909618377686,-2.999769926071167
57,1,-2.100254774093628,-3.014420509338379
57,2,-2.152880907058716,-3.0332443714141846
57,3,-2.190220355987549,-3.0502281188964844
57,4,-2.2465686798095703,-3.058648109436035
57,5,-2.2924604415893555,-3.0805368423461914
57,6,-2.3399384021759033,-3.0965628623962402
57,7,-2.385892868041992,-3.1208300590515137
57,8,-2.4281816482543945,-3.1397666931152344
57,9,-2.4756298065185547,-3.1520836353302
57,10,-2.529078722000122,-3.174461603164673
57,11,-2.583036184310913,-3.1821093559265137
57,12,-2.627570629119873,-3.197352647781372
57,13,-2.6849496364593506,-3.216684579849243
57,14,-2.723672866821289,-3.240234851837158
57,15,-2.7674965858459473,-3.2603893280029297
58,0,-2.060950517654419,-3.001537561416626
58,1,-2.1179733276367188,-3.0158679485321045
58,2,-2.16957426071167,-3.0432486534118652
58,3,-2.220858335494995,-3.0611507892608643
58,4,-2.278139352798462,-3.091010570526123
58,5,-2.335233449935913,-3.1072628498077393
58,6,-2.3970885276794434,-3.1363210678100586
58,7,-2.463224172592163,-3.1445162296295166
58,8,-2.5077602863311768,-3.1585774421691895
58,9,-2.5562636852264404,-3.1856048107147217
58,10,-2.6151325702667236,-3.1906769275665283
58,11,-2.6391844749450684,-3.2209510803222656
58,12,-2.6889541149139404,-3.2524709701538086
58,13,-2.7257683277130127,-3.280120372772217
58,14,-2.7862162590026855,-3.305173873901367
58,15,-2.8331546783447266,-3.3216094970703125
59,0,-2.0591773986816406,-2.980611562728882
59,1,-2.1018896102905273,-3.008634328842163
59,2,-2.144526481628418,-3.027921676635742
59,3,-2.1871395111083984,-3.0457208156585693
59,4,-2.2300381660461426,-3.074510097503662
59,5,-2.280045747756958,-3.093766212463379
59,6,-2.3162856101989746,-3.1225714683532715
59,7,-2.3722004890441895,-3.138981342315674
59,8,-2.4131264686584473,-3.156993865966797
59,9,-2.4698948860168457,-3.172940731048584
59,10,-2.5139927864074707,-3.183450698852539
59,11,-2.5663490295410156,-3.202233076095581
59,12,-2.6186492443084717,-3.220167875289917
59,13,-2.6650705337524414,-3.231092929840088
59,14,-2.7144649028778076,-3.247506856918335
59,15,-2.7607178688049316,-3.2634127140045166
60,0,-2.047546625137329,-2.9954781532287598
60,1,-2.08662748336792,-3.0163910388946533
60,2,-2.136107921600342,-3.027040481567383
60,3,-2.186032772064209,-3.0419774055480957
60,4,-2.231971502304077,-3.05845046043396
60,5,-2.280834913253784,-3.0739309787750244
60,6,-2.3410842418670654,-3.0881130695343018
60,7,-2.3931562900543213,-3.1051292419433594
60,8,-2.450751543045044,-3.116499900817871
60,9,-2.4970109462738037,-3.1368396282196045
60,10,-2.552781820297241,-3.155264139175415
60,11,-2.599837064743042,-3.1772172451019287
60,12,-2.645144462585449,-3.1984059810638428
60,13,-2.6854655742645264,-3.2194786071777344
60,14,-2.72802734375,-3.2368292808532715
60,15,-2.7742691040039062,-3.253826379776001
61,0,-2.0709564685821533,-2.9989748001098633
61,1,-2.116746187210083,-3.0196762084960938
61,2,-2.160874843597412,-3.0444421768188477
61,3,-2.2216837406158447,-3.0611283779144287
61,4,-2.299758195877075,-3.0667972564697266
61,5,-2.34208607673645,-3.0878918170928955
61,6,-2.3970882892608643,-3.089627742767334
61,7,-2.4468963146209717,-3.1184089183807373
61,8,-2.524617910385132,-3.1457743644714355
61,9,-2.577284812927246,-3.167025089263916
61,10,-2.6308867931365967,-3.1795175075531006
61,11,-2.680393695831299,-3.191974639892578
61,12,-2.72143816947937,-3.217405080795288
61,13,-2.7691543102264404,-3.235199451446533
61,14,-2.8208765983581543,-3.243086099624634
61,15,-2.8714048862457275,-3.2548940181732178
62,0,-2.069242477416992,-2.9839417934417725
62,1,-2.1290252208709717,-3.0065982341766357
62,2,-2.189815044403076,-3.010847568511963
62,3,-2.244540214538574,-3.038450002670288
62,4,-2.301654100418091,-3.05029296875
62,5,-2.3604276180267334,-3.0747878551483154
62,6,-2.40606427192688,-3.0948991775512695
62,7,-2.4679675102233887,-3.1119821071624756
62,8,-2.5238230228424072,-3.1343891620635986
62,9,-2.588395357131958,-3.167574644088745
62,10,-2.6543562412261963,-3.183072805404663
62,11,-2.7145144939422607,-3.2135605812072754
62,12,-2.7793452739715576,-3.248910665512085
62,13,-2.8326961994171143,-3.267301321029663
62,14,-2.8869259357452393,-3.280587911605835
62,15,-2.934812068939209,-3.295081377029419
63,0,-2.0661604404449463,-2.9888927936553955
63,1,-2.1190547943115234,-3.021146774291992
63,2,-2.1875221729278564,-3.0328891277313232
63,3,-2.2458267211914062,-3.054300546646118
63,4,-2.2977144718170166,-3.0676019191741943
63,5,-2.347367286682129,-3.0957868099212646
63,6,-2.4023633003234863,-3.1091039180755615
63,7,-2.4561281204223633,-3.1250689029693604
63,8,-2.495157241821289,-3.1407439708709717
63,9,-2.54060959815979,-3.152897357940674
63,10,-2.59366512298584,-3.169766664505005
63,11,-2.657013416290283,-3.1881885528564453
63,12,-2.714123010635376,-3.2041289806365967
63,13,-2.7743937969207764,-3.2116267681121826
63,14,-2.826416492462158,-3.2246949672698975
63,15,-2.884533405303955,-3.2316102981567383
64,0,-2.064530372619629,-2.996896982192993
64,1,-2.108133316040039,-3.015054941177368
64,2,-2.153534173965454,-3.029404640197754
64,3,-2.202315330505371,-3.0456840991973877
64,4,-2.2497479915618896,-3.0575554370880127
64,5,-2.3043484687805176,-3.0865187644958496
64,6,-2.3500092029571533,-3.0971839427948
64,7,-2.400916337966919,-3.1184651851654053
64,8,-2.457211971282959,-3.14532732963562
64,9,-2.5146350860595703,-3.1677298545837402
64,10,-2.572957754135132,-3.1953163146972656
64,11,-2.6143858432769775,-3.2247161865234375
64,12,-2.673288345336914,-3.2385220527648926
64,13,-2.7261571884155273,-3.263169765472412
64,14,-2.7840991020202637,-3.301529884338379
64,15,-2.8351166248321533,-3.3066792488098145
65,0,-2.055157423019409,-2.9914848804473877
65,1,-2.1145427227020264,-3.011542558670044
65,2,-2.1611557006835938,-3.028730630874634
65,3,-2.217993974685669,-3.045924425125122
65,4,-2.273988962173462,-3.0683271884918213
65,5,-2.337928056716919,-3.111515522003174
65,6,-2.4007880687713623,-3.123819589614868
65,7,-2.454617977142334,-3.1453707218170166
65,8,-2.5064783096313477,-3.1759660243988037
65,9,-2.5526983737945557,-3.201887845993042
65,10,-2.5999298095703125,-3.2247090339660645
65,11,-2.6532692909240723,-3.2383880615234375
65,12,-2.6962037086486816,-3.253113031387329
65,13,-2.7495603561401367,-3.2599527835845947
65,14,-2.796104907989502,-3.2809603214263916
65,15,-2.8368377685546875,-3.277259588241577
66,0,-2.0664572715759277,-2.988034725189209
66,1,-2.1205968856811523,-3.004033327102661
66,2,-2.169856309890747,-3.0269241333007812
66,3,-2.231217861175537,-3.0393218994140625
66,4,-2.2901663780212402,-3.055360794067383
66,5,-2.337435722351074,-3.072300672531128
66,6,-2.3954758644104004,-3.096189498901367
66,7,-2.4560341835021973,-3.1183574199676514
66,8,-2.5092499256134033,-3.1436285972595215
66,9,-2.5605945587158203,-3.1660516262054443
66,10,-2.6140451431274414,-3.178309917449951
66,11,-2.6637446880340576,-3.205658197402954
66,12,-2.704396963119507,-3.2346019744873047
66,13,-2.744828462600708,-3.2532920837402344
66,14,-2.796538829803467,-3.2712316513061523
66,15,-2.83064866065979,-3.297808885574341
67,0,-2.053272247314453,-2.994554042816162
67,1,-2.1050214767456055,-3.021700382232666
67,2,-2.1574766635894775,-3.042710304260254
67,3,-2.209742307662964,-3.0673346519470215
67,4,-2.2669589519500732,-3.08929705619812
67,5,-2.310643196105957,-3.118269920349121
67,6,-2.3652451038360596,-3.13614821434021
67,7,-2.4141225814819336,-3.1580376625061035
67,8,-2.4657158851623535,-3.1866869926452637
67,9,-2.524583339691162,-3.1928088665008545
67,10,-2.5747087001800537,-3.203554391860962
67,11,-2.637653350830078,-3.2022109031677246
67,12,-2.6912810802459717,-3.223628282546997
67,13,-2.744133234024048,-3.2510595321655273
67,14,-2.786681890487671,-3.2746052742004395
67,15,-2.8282127380371094,-3.283163070678711
68,0,-2.0586435794830322,-2.9916419982910156
68,1,-2.108780860900879,-3.019907236099243
68,2,-2.1600840091705322,-3.0235233306884766
68,3,-2.2114076614379883,-3.0403177738189697
68,4,-2.2666049003601074,-3.057908535003662
68,5,-2.312490940093994,-3.0748326778411865
68,6,-2.356252431869507,-3.0899147987365723
68,7,-2.403879404067993,-3.0956599712371826
68,8,-2.4458441734313965,-3.1208324432373047
68,9,-2.503035068511963,-3.1400020122528076
68,10,-2.5526418685913086,-3.1558151245117188
68,11,-2.604334831237793,-3.168569564819336
68,12,-2.6583871841430664,-3.1764657497406006
68,13,-2.709290027618408,-3.190251350402832
68,14,-2.76845383644104,-3.2008702754974365
68,15,-2.817399740219116,-3.2072088718414307
69,0,-2.0553762912750244,-3.0100324153900146
69,1,-2.09902024269104,-3.0308165550231934
69,2,-2.1410131454467773,-3.063866376876831
69,3,-2.1884844303131104,-3.0875847339630127
69,4,-2.251612424850464,-3.0998613834381104
69,5,-2.29356050491333,-3.115060329437256
69,6,-2.345515489578247,-3.135176658630371
69,7,-2.3868346214294434,-3.1557796001434326
69,8,-2.4211857318878174,-3.181640625
69,9,-2.477381706237793,-3.204455614089966
69,10,-2.52276349067688,-3.2209160327911377
69,11,-2.5709829330444336,-3.2428877353668213
69,12,-2.6188504695892334,-3.255096912384033
69,13,-2.66259503364563,-3.2739100456237793
69,14,-2.7115864753723145,-3.290708541870117
69,15,-2.7629079818725586,-3.3027050495147705
70,0,-2.061375856399536,-2.996199369430542
70,1,-2.1174559593200684,-3.0210282802581787
70,2,-2.1841001510620117,-3.0272481441497803
70,3,-2.2456002235412598,-3.055169105529785
70,4,-2.293123483657837,-3.07108998298645
70,5,-2.344179391860962,-3.0874319076538086
70,6,-2.4105522632598877,-3.103355884552002
70,7,-2.4671812057495117,-3.1103806495666504
70,8,-2.5173466205596924,-3.1512105464935303
70,9,-2.576338768005371,-3.168555974960327
70,10,-2.631291627883911,-3.191864490509033
70,11,-2.687493085861206,-3.2117977142333984
70,12,-2.7436435222625732,-3.2278590202331543
70,13,-2.8015012741088867,-3.242342948913574
70,14,-2.857771873474121,-3.2637171745300293
70,15,-2.8915953636169434,-3.2428901195526123
71,0,-2.042937755584717,-2.999561071395874
71,1,-2.0832321643829346,-3.0259923934936523
71,2,-2.1442525386810303,-3.040235757827759
71,3,-2.204725980758667,-3.048795461654663
71,4,-2.2580628395080566,-3.0619895458221436
71,5,-2.31181001663208,-3.063476324081421
71,6,-2.3708925247192383,-3.090639114379883
71,7,-2.4261207580566406,-3.113067865371704
71,8,-2.476860761642456,-3.1396799087524414
71,9,-2.526751756668091,-3.1571412086486816
71,10,-2.5769128799438477,-3.191558599472046
71,11,-2.6291229724884033,-3.2115046977996826
71,12,-2.675502300262451,-3.235489845275879
71,13,-2.72308349609375,-3.276628017425537
71,14,-2.771975040435791,-3.300891160964966
71,15,-2.8240151405334473,-3.325878143310547
72,0,-2.0660924911499023,-3.0002617835998535
72,1,-2.1108083724975586,-3.0269298553466797
72,2,-2.1699631214141846,-3.0445592403411865
72,3,-2.220747709274292,-3.075108289718628
72,4,-2.2627177238464355,-3.0960240364074707
72,5,-2.323869466781616,-3.1099648475646973
72,6,-2.375427484512329,-3.1342546939849854
72,7,-2.434253454208374,-3.1636266708374023
72,8,-2.492672920227051,-3.1882126331329346
72,9,-2.5560402870178223,-3.2047903537750244
72,10,-2.616149425506592,-3.214656352996826
72,11,-2.6774325370788574,-3.227734327316284
72,12,-2.743400812149048,-3.2504518032073975
72,13,-2.799752950668335,-3.271197557449341
72,14,-2.859410285949707,-3.2920303344726562
72,15,-2.911153554916382,-3.298346996307373
73,0,-2.055436611175537,-2.988424301147461
73,1,-2.0993714332580566,-3.0077733993530273
73,2,-2.1491167545318604,-3.0217716693878174
73,3,-2.1942713260650635,-3.039170503616333
73,4,-2.2473533153533936,-3.0627758502960205
73,5,-2.3024516105651855,-3.0814340114593506
73,6,-2.355062961578369,-3.1020421981811523
73,7,-2.402916193008423,-3.1237165927886963
73,8,-2.450714111328125,-3.1396286487579346
73,9,-2.492973566055298,-3.1575987339019775
73,10,-2.54247784614563,-3.174467086791992
73,11,-2.591153144836426,-3.192920207977295
73,12,-2.640886068344116,-3.216735601425171
73,13,-2.683889389038086,-3.2428553104400635
73,14,-2.7321481704711914,-3.263662815093994
73,15,-2.7782559394836426,-3.2775213718414307
74,0,-2.0510382652282715,-2.992504596710205
74,1,-2.1044089794158936,-3.010744094848633
74,2,-2.149279832839966,-3.0256896018981934
74,3,-2.1976823806762695,-3.0415735244750977
74,4,-2.2462375164031982,-3.0609450340270996
74,5,-2.2989249229431152,-3.07423734664917
74,6,-2.339313268661499,-3.0978665351867676
74,7,-2.3907723426818848,-3.1208760738372803
74,8,-2.4381356239318848,-3.1540281772613525
74,9,-2.485217571258545,-3.175349473953247
74,10,-2.5363194942474365,-3.189800262451172
74,11,-2.5876355171203613,-3.2020182609558105
74,12,-2.6366305351257324,-3.204158306121826
74,13,-2.6731743812561035,-3.220289945602417
74,14,-2.7127163410186768,-3.2383477687835693
74,15,-2.7546753883361816,-3.2555644512176514
75,0,-2.0690417289733887,-2.9928014278411865
75,1,-2.1026062965393066,-2.994687080383301
75,2,-2.1512067317962646,-3.0056424140930176
75,3,-2.2254135608673096,-3.0047121047973633
75,4,-2.2667288780212402,-3.0220611095428467
75,5,-2.3046252727508545,-3.024294853210449
75,6,-2.3549492359161377,-3.04386043548584
75,7,-2.4165499210357666,-3.0611581802368164
75,8,-2.4634413719177246,-3.0828535556793213
75,9,-2.5200984477996826,-3.0888242721557617
75,10,-2.575134754180908,-3.10270094871521
75,11,-2.6407220363616943,-3.1197943687438965
75,12,-2.6700775623321533,-3.1399765014648438
75,13,-2.734165906906128,-3.1460225582122803
75,14,-2.779460906982422,-3.1611807346343994
75,15,-2.826192617416382,-3.163801908493042
76,0,-2.0528316497802734,-2.998520612716675
76,1,-2.1040701866149902,-3.025254487991333
76,2,-2.1602630615234375,-3.0468077659606934
76,3,-2.210325241088867,-3.063319206237793
76,4,-2.256333827972412,-3.0841686725616455
76,5,-2.3068249225616455,-3.097984552383423
76,6,-2.3587002754211426,-3.119725227355957
76,7,-2.414116621017456,-3.1381475925445557
76,8,-2.467378616333008,-3.1475656032562256
76,9,-2.514976739883423,-3.169748067855835
76,10,-2.5637447834014893,-3.193629264831543
76,11,-2.614736795425415,-3.2165541648864746
76,12,-2.6590054035186768,-3.2424395084381104
76,13,-2.7060697078704834,-3.263033151626587
76,14,-2.7612545490264893,-3.284836530685425
76,15,-2.808236837387085,-3.3006362915039062
77,0,-2.075371742248535,-2.985416889190674
77,1,-2.116589307785034,-3.0142993927001953
77,2,-2.1713624000549316,-3.0328919887542725
77,3,-2.2266123294830322,-3.0484232902526855
77,4,-2.270691394805908,-3.083789110183716
77,5,-2.3175811767578125,-3.111553907394409
77,6,-2.3642990589141846,-3.128492593765259
77,7,-2.4139602184295654,-3.1557297706604004
77,8,-2.4568064212799072,-3.1877598762512207
77,9,-2.5103626251220703,-3.2209739685058594
77,10,-2.548546314239502,-3.246568202972412
77,11,-2.5951013565063477,-3.2714943885803223
77,12,-2.642059564590454,-3.299365758895874
77,13,-2.699756383895874,-3.3164050579071045
77,14,-2.7581119537353516,-3.3385558128356934
77,15,-2.8069403171539307,-3.339871644973755
78,0,-2.054471492767334,-2.994398593902588
78,1,-2.10551118850708,-3.014573812484741
78,2,-2.1645407676696777,-3.0072858333587646
78,3,-2.2106010913848877,-3.0301735401153564
78,4,-2.2767882347106934,-3.0474493503570557
78,5,-2.3294527530670166,-3.07035231590271
78,6,-2.3797993659973145,-3.099421262741089
78,7,-2.435253143310547,-3.1223511695861816
78,8,-2.4936819076538086,-3.1520795822143555
78,9,-2.53468918800354,-3.1825973987579346
78,10,-2.584413766860962,-3.207110643386841
78,11,-2.6391332149505615,-3.2212605476379395
78,12,-2.691946506500244,-3.248981475830078
78,13,-2.7364373207092285,-3.266684055328369
78,14,-2.7841620445251465,-3.288461685180664
78,15,-2.8368923664093018,-3.297260284423828
79,0,-2.061518669128418,-3.0028324127197266
79,1,-2.116389513015747,-3.025852918624878
79,2,-2.164914131164551,-3.046084403991699
79,3,-2.2141001224517822,-3.060317039489746
79,4,-2.2709574699401855,-3.081366777420044
79,5,-2.3371496200561523,-3.095120668411255
79,6,-2.4044225215911865,-3.1065173149108887
79,7,-2.470668077468872,-3.1175947189331055
79,8,-2.522869825363159,-3.140591859817505
79,9,-2.5600831508636475,-3.1704583168029785
79,10,-2.6072607040405273,-3.1865622997283936
79,11,-2.6427388191223145,-3.2013180255889893
79,12,-2.6930770874023438,-3.224198579788208
79,13,-2.7362377643585205,-3.2456607818603516
79,14,-2.785268545150757,-3.2552807331085205
79,15,-2.8268463611602783,-3.2656984329223633
80,0,-2.0693907737731934,-2.9882707595825195
80,1,-2.1291048526763916,-3.0120296478271484
80,2,-2.1834895610809326,-3.028632640838623
80,3,-2.2424941062927246,-3.046461582183838
80,4,-2.299072742462158,-3.068070888519287
80,5,-2.358802080154419,-3.0862700939178467
80,6,-2.4123501777648926,-3.0979702472686768
80,7,-2.466661214828491,-3.1177592277526855
80,8,-2.5132267475128174,-3.143913507461548
80,9,-2.5726473331451416,-3.154607057571411
80,10,-2.6228790283203125,-3.1748504638671875
80,11,-2.6750941276550293,-3.201052188873291
80,12,-2.715977907180786,-3.2309257984161377
80,13,-2.768707752227783,-3.2407984733581543
80,14,-2.8248610496520996,-3.259518623352051
80,15,-2.8750405311584473,-3.2885360717773438
81,0,-2.0673532485961914,-2.9942634105682373
81,1,-2.1147079467773438,-3.0165956020355225
81,2,-2.164137840270996,-3.0364208221435547
81,3,-2.209040880203247,-3.0571954250335693
81,4,-2.2636334896087646,-3.072092056274414
81,5,-2.309882640838623,-3.098839044570923
81,6,-2.359466791152954,-3.113656997680664
81,7,-2.410914659500122,-3.121464729309082
81,8,-2.4638335704803467,-3.14582896232605
81,9,-2.517197370529175,-3.1646642684936523
81,10,-2.571012496948242,-3.188523292541504
81,11,-2.6242661476135254,-3.2003443241119385
81,12,-2.672203779220581,-3.2262260913848877
81,13,-2.7210617065429688,-3.2399559020996094
81,14,-2.7722277641296387,-3.2623209953308105
81,15,-2.8251309394836426,-3.267732858657837
82,0,-2.0642731189727783,-2.993516683578491
82,1,-2.1196625232696533,-3.0200161933898926
82,2,-2.1636946201324463,-3.036652088165283
82,3,-2.2127044200897217,-3.06434965133667
82,4,-2.2685070037841797,-3.0847959518432617
82,5,-2.3287577629089355,-3.1040077209472656
82,6,-2.38655948638916,-3.1412739753723145
82,7,-2.4440269470214844,-3.162008285522461
82,8,-2.5036728382110596,-3.1908843517303467
82,9,-2.5702381134033203,-3.205340623855591
82,10,-2.6299843788146973,-3.2240922451019287
82,11,-2.688077449798584,-3.2478322982788086
82,12,-2.7403478622436523,-3.259446382522583
82,13,-2.7871291637420654,-3.2832088470458984
82,14,-2.83518385887146,-3.293696165084839
82,15,-2.860633134841919,-3.3004262447357178
83,0,-2.0609068870544434,-2.9797589778900146
83,1,-2.1130871772766113,-2.996750593185425
83,2,-2.165395975112915,-3.013129949569702
83,3,-2.2176544666290283,-3.0264811515808105
83,4,-2.267634391784668,-3.0412521362304688
83,5,-2.3244760036468506,-3.0569610595703125
83,6,-2.384182929992676,-3.0751421451568604
83,7,-2.4372384548187256,-3.0981180667877197
83,8,-2.4852097034454346,-3.106954574584961
83,9,-2.5201244354248047,-3.133251190185547
83,10,-2.5710930824279785,-3.1484768390655518
83,11,-2.6280641555786133,-3.1697850227355957
83,12,-2.6750941276550293,-3.1884093284606934
83,13,-2.723315715789795,-3.2092459201812744
83,14,-2.7726850509643555,-3.221728563308716
83,15,-2.8167881965637207,-3.2389557361602783
84,0,-2.029182195663452,-2.9451842308044434
84,1,-2.072120189666748,-2.9786019325256348
84,2,-2.121732473373413,-2.990846872329712
84,3,-2.168036460876465,-3.0065038204193115
84,4,-2.2138216495513916,-3.0217394828796387
84,5,-2.2687149047851562,-3.030604124069214
84,6,-2.3234450817108154,-3.0504817962646484
84,7,-2.3770370483398438,-3.0634896755218506
84,8,-2.4163296222686768,-3.0802135467529297
84,9,-2.4628865718841553,-3.095515012741089
84,10,-2.5086865425109863,-3.1038529872894287
84,11,-2.5490942001342773,-3.1176352500915527
84,12,-2.596527099609375,-3.127443313598633
84,13,-2.652487277984619,-3.127080202102661
84,14,-2.6973917484283447,-3.138465642929077
84,15,-2.746133804321289,-3.148597002029419
85,0,-2.0576255321502686,-2.994760513305664
85,1,-2.110629081726074,-3.019545316696167
85,2,-2.157501459121704,-3.0432586669921875
85,3,-2.2144510746002197,-3.0610601902008057
85,4,-2.267874002456665,-3.0786166191101074
85,5,-2.3160853385925293,-3.0926785469055176
85,6,-2.369619369506836,-3.1166768074035645
85,7,-2.432155132293701,-3.1294186115264893
85,8,-2.4870386123657227,-3.149306535720825
85,9,-2.538940191268921,-3.1684858798980713
85,10,-2.588332414627075,-3.2017555236816406
85,11,-2.6464834213256836,-3.227139711380005
85,12,-2.696345329284668,-3.253915786743164
85,13,-2.7459142208099365,-3.2794289588928223
85,14,-2.793062925338745,-3.300023317337036
85,15,-2.8423306941986084,-3.319472551345825
86,0,-2.045775890350342,-2.9983930587768555
86,1,-2.092942237854004,-3.021399974822998
86,2,-2.1346046924591064,-3.025545597076416
86,3,-2.183199405670166,-3.0481879711151123
86,4,-2.2361373901367188,-3.070453405380249
86,5,-2.2866122722625732,-3.0931811332702637
86,6,-2.3341872692108154,-3.122938871383667
86,7,-2.383108377456665,-3.1380081176757812
86,8,-2.4386045932769775,-3.1593852043151855
86,9,-2.48928165435791,-3.1746625900268555
86,10,-2.5374834537506104,-3.192560911178589
86,11,-2.5852818489074707,-3.212745189666748
86,12,-2.630882740020752,-3.234673500061035
86,13,-2.679119825363159,-3.2576937675476074
86,14,-2.72021484375,-3.278657913208008
86,15,-2.7673134803771973,-3.290980100631714
87,0,-2.0565927028656006,-3.0063095092773438
87,1,-2.11000657081604,-3.032179355621338
87,2,-2.1648197174072266,-3.0483994483947754
87,3,-2.21045184135437,-3.069917678833008
87,4,-2.2653019428253174,-3.0895159244537354
87,5,-2.3156399726867676,-3.110781192779541
87,6,-2.3663547039031982,-3.1375653743743896
87,7,-2.4306657314300537,-3.1528594493865967
87,8,-2.4831361770629883,-3.1909544467926025
87,9,-2.5303494930267334,-3.2132885456085205
87,10,-2.5756895542144775,-3.248840093612671
87,11,-2.624232292175293,-3.279093027114868
87,12,-2.68304705619812,-3.2957403659820557
87,13,-2.737128734588623,-3.3334696292877197
87,14,-2.784083127975464,-3.3601224422454834
87,15,-2.8288164138793945,-3.392786741256714
88,0,-2.050528049468994,-2.997004270553589
88,1,-2.0913338661193848,-3.011024236679077
88,2,-2.138061046600342,-3.0256054401397705
88,3,-2.1799752712249756,-3.0419623851776123
88,4,-2.222017526626587,-3.0579636096954346
88,5,-2.2591326236724854,-3.0802841186523438
88,6,-2.308238983154297,-3.082346200942993
88,7,-2.3515844345092773,-3.108285903930664
88,8,-2.399585008621216,-3.129953622817993
88,9,-2.450812578201294,-3.153381824493408
88,10,-2.50311017036438,-3.187237501144409
88,11,-2.5616352558135986,-3.2115437984466553
88,12,-2.612426996231079,-3.2378032207489014
88,13,-2.6628594398498535,-3.253089427947998
88,14,-2.7094035148620605,-3.2666287422180176
88,15,-2.7493557929992676,-3.2833521366119385
89,0,-2.0578033924102783,-3.004732608795166
89,1,-2.1166393756866455,-3.032419204711914
89,2,-2.175910711288452,-3.0452728271484375
89,3,-2.219682216644287,-3.065936326980591
89,4,-2.266143560409546,-3.0933785438537598
89,5,-2.3159244060516357,-3.1150400638580322
89,6,-2.3667242527008057,-3.136687994003296
89,7,-2.4145524501800537,-3.159681558609009
89,8,-2.462221622467041,-3.1671807765960693
89,9,-2.4937705993652344,-3.192598581314087
89,10,-2.5449161529541016,-3.2226979732513428
89,11,-2.6072583198547363,-3.2491440773010254
89,12,-2.6501851081848145,-3.2832751274108887
89,13,-2.6927878856658936,-3.3086154460906982
89,14,-2.746159076690674,-3.3279459476470947
89,15,-2.789094924926758,-3.349928617477417
90,0,-2.0625693798065186,-2.991093397140503
90,1,-2.112163782119751,-3.011078119277954
90,2,-2.1670031547546387,-3.0287747383117676
90,3,-2.2214813232421875,-3.0401933193206787
90,4,-2.2733278274536133,-3.0579800605773926
90,5,-2.3242838382720947,-3.0725841522216797
90,6,-2.384312868118286,-3.079312324523926
90,7,-2.442955732345581,-3.1030256748199463
90,8,-2.4970967769622803,-3.1118879318237305
90,9,-2.544745922088623,-3.1310627460479736
90,10,-2.60322642326355,-3.1510608196258545
90,11,-2.660281181335449,-3.165405511856079
90,12,-2.705775260925293,-3.1818416118621826
90,13,-2.7617294788360596,-3.1875672340393066
90,14,-2.8215348720550537,-3.1995720863342285
90,15,-2.8756916522979736,-3.2138373851776123
91,0,-2.0623598098754883,-2.9993960857391357
91,1,-2.104795455932617,-3.0098154544830322
91,2,-2.15738844871521,-3.0268025398254395
91,3,-2.2242953777313232,-3.052314519882202
91,4,-2.2741687297821045,-3.079033374786377
91,5,-2.342054843902588,-3.0883257389068604
91,6,-2.390892505645752,-3.1026084423065186
91,7,-2.4519166946411133,-3.13224196434021
91,8,-2.5035078525543213,-3.159242630004883
91,9,-2.5471913814544678,-3.1785032749176025
91,10,-2.594350814819336,-3.194331169128418
91,11,-2.641209125518799,-3.2134125232696533
91,12,-2.6966819763183594,-3.2405734062194824
91,13,-2.7464301586151123,-3.2651143074035645
91,14,-2.798597574234009,-3.2756011486053467
91,15,-2.847412109375,-3.291980028152466
92,0,-2.066251277923584,-2.9964492321014404
92,1,-2.1290624141693115,-3.0203301906585693
92,2,-2.183688163757324,-3.0435731410980225
92,3,-2.2408058643341064,-3.0677108764648438
92,4,-2.3024723529815674,-3.081561326980591
92,5,-2.370163917541504,-3.1170830726623535
92,6,-2.4237775802612305,-3.14625883102417
92,7,-2.477849245071411,-3.1724634170532227
92,8,-2.5304269790649414,-3.195408344268799
92,9,-2.5875210762023926,-3.217731237411499
92,10,-2.645709753036499,-3.239508628845215
92,11,-2.695767641067505,-3.269887924194336
92,12,-2.7420804500579834,-3.29595947265625
92,13,-2.7923474311828613,-3.3182449340820312
92,14,-2.844921827316284,-3.3386447429656982
92,15,-2.881380081176758,-3.3533132076263428
93,0,-2.0480000972747803,-2.983088493347168
93,1,-2.083601713180542,-2.998229742050171
93,2,-2.1355767250061035,-3.024568796157837
93,3,-2.1850666999816895,-3.0172290802001953
93,4,-2.2303266525268555,-3.0125415325164795
93,5,-2.2636191844940186,-3.0481038093566895
93,6,-2.318135976791382,-3.066422939300537
93,7,-2.3820815086364746,-3.0895626544952393
93,8,-2.4302632808685303,-3.096989631652832
93,9,-2.474666118621826,-3.101959228515625
93,10,-2.542236804962158,-3.1689534187316895
93,11,-2.6240696907043457,-3.192347288131714
93,12,-2.6652016639709473,-3.2081732749938965
93,13,-2.719938278198242,-3.240438938140869
93,14,-2.7854888439178467,-3.271641969680786
93,15,-2.8290374279022217,-3.2875683307647705
94,0,-2.0516343116760254,-2.9943630695343018
94,1,-2.096015453338623,-3.0113015174865723
94,2,-2.1387619972229004,-3.0316038131713867
94,3,-2.1826071739196777,-3.041431188583374
94,4,-2.232592821121216,-3.057528495788574
94,5,-2.2827348709106445,-3.077754020690918
94,6,-2.3295931816101074,-3.0963544845581055
94,7,-2.3809523582458496,-3.1091437339782715
94,8,-2.4353368282318115,-3.125929117202759
94,9,-2.479789972305298,-3.135716438293457
94,10,-2.526761054992676,-3.150202989578247
94,11,-2.5834274291992188,-3.1581175327301025
94,12,-2.629277467727661,-3.1752498149871826
94,13,-2.672966957092285,-3.199788808822632
94,14,-2.718750238418579,-3.2252357006073
94,15,-2.7627463340759277,-3.2434909343719482
95,0,-2.0604238510131836,-2.9914681911468506
95,1,-2.1092586517333984,-3.010939598083496
95,2,-2.173055648803711,-3.031973123550415
95,3,-2.227027177810669,-3.060317039489746
95,4,-2.2896671295166016,-3.1004467010498047
95,5,-2.3332951068878174,-3.117659091949463
95,6,-2.382322311401367,-3.1349501609802246
95,7,-2.44819712638855,-3.138606071472168
95,8,-2.505164384841919,-3.1536343097686768
95,9,-2.550452470779419,-3.1652002334594727
95,10,-2.6091108322143555,-3.183596134185791
95,11,-2.6623988151550293,-3.204901695251465
95,12,-2.6846437454223633,-3.2092792987823486
95,13,-2.732360363006592,-3.229487895965576
95,14,-2.7878775596618652,-3.235407590866089
95,15,-2.8424735069274902,-3.2553963661193848
